emp_no,first_name,last_name
1,Matthew,Walters
2,Susan,Reyes
3,Jeffrey,Martin
4,Kimberly,Bruce
5,Terry,Smith
6,Maria,Fowler
7,Andrew,Myers
8,Jeffrey,Davidson
9,Lori,Tran
10,Shane,Perkins
11,Jennifer,Black
12,Samantha,Gonzales
13,Pamela,Burke
14,Scott,Jacobs
15,Marcus,Williams
16,Amanda,Mendez
17,Lori,Pham
18,Shelley,Rowe
19,Virginia,Mendoza
20,Justin,Carter
21,Erin,Wilkinson
22,Michelle,Ochoa
23,James,Lee
24,Jasmine,Anderson
25,Cynthia,Nash
26,Joshua,Garcia
27,Steven,Pena
28,Sherry,Ellis
29,Kevin,Gordon
30,Angela,Mcbride
31,Carolyn,Johnson
32,Katie,Garcia
33,Joseph,Taylor
34,Dennis,Jones
35,Anthony,Delacruz
36,Zachary,Hoffman
37,Gregg,Garcia
38,Corey,Higgins
39,Alexander,Hicks
40,Audrey,Reyes
41,Christopher,Brown
42,Michael,Odom
43,Margaret,Clements
44,Bruce,Martin
45,Mark,Martinez
46,Thomas,Jones
47,Sarah,Carter
48,Laura,Clark
49,Samuel,Ford
50,James,Cunningham
51,Matthew,Flores
52,Matthew,Mack
53,Nicole,Johnson
54,Christy,Jones
55,Marilyn,Franklin
56,Maria,Mcdonald
57,Jacqueline,Hickman
58,Kaitlyn,Drake
59,Michael,Osborne
60,Jose,Kennedy
61,Katelyn,Gomez
62,Valerie,Weiss
63,Juan,Potter
64,Kevin,Young
65,Ashley,Turner
66,Richard,Aguilar
67,Rachel,Hoover
68,David,Walker
69,Lisa,Henson
70,Marcus,Ortiz
71,Tyler,Reynolds
72,Tonya,Nelson
73,Erin,Farmer
74,Steven,Moore
75,Tommy,Fields
76,Adam,Thomas
77,Chelsea,Rodriguez
78,Nicholas,Fuller
79,Melanie,Mason
80,Jason,Smith
81,Russell,Smith
82,Lauren,Smith
83,Sean,Moore
84,Nathan,Kemp
85,Jonathan,Rodriguez
86,Barbara,Walsh
87,Samantha,Brock
88,Ashley,Reeves
89,Carrie,Palmer
90,Adam,Hernandez
91,Benjamin,Vazquez
92,Edward,Lane
93,Judy,Dillon
94,Amber,Neal
95,Sean,Adams
96,Brittany,Hampton
97,Sarah,Roberts
98,Cristian,Rose
99,Amanda,Short
100,Brett,Anderson
101,Drew,Bell
102,Cheryl,Cherry
103,Jesus,Pham
104,Emily,Sosa
105,Bobby,Nicholson
106,Jeffery,Stewart
107,Dawn,Nelson
108,Alan,Kelly
109,Brian,Vasquez
110,Grace,Smith
111,Barbara,Sutton
112,Anthony,Calhoun
113,Mark,Scott
114,Kellie,Lawson
115,Justin,Ingram
116,John,Rogers
117,Brandon,Dickerson
118,Jeremy,Clark
119,Holly,Martin
120,Theresa,Roy
121,Brittany,Doyle
122,Jaime,Castaneda
123,Stephen,Hayes
124,Adam,Nelson
125,Rachel,Williams
126,Thomas,Harris
127,Glenn,Barber
128,Katherine,Mcintyre
129,Paula,Olson
130,Rebecca,Thomas
131,Donald,Caldwell
132,Caitlin,Holden
133,Eric,Ponce
134,John,Robinson
135,Christine,Lewis
136,Heather,Kramer
137,Brittney,Cox
138,Rodney,White
139,Michael,Rodriguez
140,Christian,Webb
141,Shelley,Rosario
142,Jane,Meyer
143,Marco,Williams
144,Robert,Reese
145,Brian,Ibarra
146,Kristin,Carlson
147,Anthony,Campbell
148,Kristen,Dorsey
149,Christopher,Dickerson
150,Phyllis,Adams
151,Nicole,Walker
152,Kathryn,Livingston
153,William,Moreno
154,Jennifer,Chen
155,Michael,Sharp
156,Brandy,Stephens
157,Peter,Gomez
158,James,May
159,Kayla,Miller
160,Lisa,Wu
161,Amanda,Solomon
162,Mark,Wilson
163,Rodney,Price
164,Richard,Anderson
165,Andrew,Haley
166,Antonio,Ray
167,Dana,Diaz
168,Joshua,Whitaker
169,Brenda,Espinoza
170,Eugene,Jenkins
171,Heidi,Keller
172,Chad,Gomez
173,Christine,Brown
174,Jennifer,Hamilton
175,Shannon,Horton
176,Ryan,Mccann
177,James,Sims
178,Tyrone,Robinson
179,Preston,Price
180,Deanna,Wolfe
181,Michael,Taylor
182,Stacey,Burgess
183,Eric,Mccoy
184,Nicole,Irwin
185,Katie,Colon
186,Douglas,Vang
187,John,Gregory
188,Daniel,Chen
189,Laura,Hughes
190,Lindsey,Schultz
191,Cassandra,Simpson
192,Kathryn,Weaver
193,Veronica,Ellis
194,Daniel,Gray
195,Christian,Gilbert
196,Michelle,Gilbert
197,Justin,Silva
198,Ashley,Stanley
199,Juan,Dunn
200,John,Dickson
